doc_id,gender_bias
8210786,M
7660865,F
7956764,N
3557646,N
2367675,F
7431301,F
5591744,N
1159115,N
6531369,F
7660866,N
5728862,F
2302438,F
546521,F
6873893,F
1050832,M
4796601,N
5897510,N
2792151,N
4804420,N
7827904,N
7227537,M
520968,N
7572917,N
7347254,N
6874784,N
1432663,F
3217831,M
4222604,N
6874791,N
4754597,F
2643879,N
3407511,N
4476992,F
6109620,N
3149513,N
7688795,N
7418457,N
681024,N
2914860,M
483231,N
4267970,M
6531366,F
2119357,N
662112,F
7116147,N
8826050,N
5019650,F
6616977,N
3106848,N
4682920,F
7152940,F
5279267,N
3217829,M
7152943,N
5279262,N
7660868,F
7152941,F
7418453,N
278454,N
4804423,N
318532,N
3907550,F
3002146,F
5366995,M
4657404,M
3557645,N
2112562,M
1067634,N
2119354,M
7878734,M
6656264,N
1432924,M
7418452,N
7203146,N
8746498,N
7418456,N
2367673,F
7956769,N
7748773,F
1159114,M
1771824,F
3634705,N
8125532,N
7856061,M
5611,N
2552580,N
5564333,N
4773264,F
8065375,F
7418448,M
3839145,N
8481637,M
8519743,N
4254797,N
4025852,N
8541880,N
2804109,N
5659738,M
5591751,M
681025,N
2954761,F
3420991,N
8818840,N
2666611,N
1050839,N
5601571,N
5591749,N
3710786,N
5591745,N
3134735,F
3217832,M
2643510,N
4804424,N
5495066,N
2698259,N
5395632,N
2161085,N
8099439,F
7418454,N
2914857,M
7347258,N
7710880,N
7933883,N
6373877,N
7995276,F
774719,M
5941980,M
3217837,M
2373475,N
7277491,F
193153,N
7251448,N
5886904,F
15924,M
3351510,N
7572923,N
339527,F
7245281,N
3385278,N
3465187,N
193157,F
1078318,M
5897508,N
3475052,N
5897507,N
3981438,N
4682921,F
5591750,N
4264927,N
8099435,F
7688794,F
7194463,N
8797449,M
8808261,M
1432923,M
861192,N
5419251,F
1363286,N
7935154,M
6237824,N
5580925,N
7194464,N
8541875,F
2233421,M
7933882,N
4657398,M
7599341,N
1771818,F
3134738,N
6531365,F
5474975,N
8481635,N
2161090,N
2161089,N
7251443,N
2299643,N
774722,M
2302444,F
1381213,N
8808257,N
2643505,N
2914852,M
7975630,M
8808263,M
2907925,N
5167344,N
3217828,M
4044222,N
7935160,N
6265868,N
7660867,F
5440854,N
5748148,N
3326430,N
4044220,N
6701803,N
4657400,M
6149484,F
6124826,M
7499087,N
5320709,F
7549517,N
8517959,N
7878731,M
7710886,N
7810167,N
8176790,M
3176511,N
7773810,N
3096161,M
3594579,M
5639622,N
5182791,N
7347250,N
4707858,N
7599337,N
8481639,N
8833105,F
7827908,N
7878733,M
7660869,F
7246789,N
4476990,F
7203143,N
4637847,N
2804106,N
7810172,N
1432925,M
7601232,N
941216,N
7277492,N
774718,M
7399363,N
6278945,F
8099440,F
6363504,N
4267968,M
7660871,N
2914859,F
4998810,F
4798612,M
7827909,F
7967791,M
8519947,N
1653662,N
6531367,F
7146204,N
4947178,F
8065374,N
6951331,N
3217834,M
1034270,F
8326719,F
2698266,F
8099438,F
2027186,F
354050,F
7660870,F
7511945,N
3856846,F
2643509,F
7352581,M
7847839,N
20363,N
7956765,N
7656726,M
4856934,F
7847838,N
7774170,N
796407,N
7599338,N
3096160,M
7180997,N
5284579,F
8803031,M
2367672,F
2502596,N
7399362,N
4640173,M
681028,N
2694685,F
7415291,N
995843,N
2373471,M
5761322,N
7572494,M
2915261,N
7710882,N
6289171,F
8827222,F
7227539,M
1335341,N
8215470,N
4971296,N
2915259,N
1801039,N
6874786,M
4345866,N
2318408,N
6278948,F
1488041,N
8777569,N
3871791,N
4940970,N
7710883,N
6593365,N
7145623,N
5242874,N
4682926,F
8297576,F
3355059,F
3984347,N
6110677,N
2060480,N
6109622,N
2917382,N
3716217,M
7827903,N
4804419,N
7277497,N
5573838,N
2373470,M
4044226,N
2576023,M
6626391,N
7251444,N
5682295,N
7786916,N
1050834,N
2567290,M
7660874,F
2917387,N
1095561,F
6107562,N
1054061,N
3819932,N
5440856,M
2804107,N
6124820,N
3907552,F
4044219,N
7721840,F
5752772,F
3395223,N
3326427,N
6554290,M
8517960,M
5279263,N
2572715,N
4819707,F
3173932,N
4044227,N
7935157,M
7950877,N
8486884,M
2907926,N
5073321,N
1827682,N
6510329,N
4468664,N
6531361,F
1381206,M
3946394,N
684425,N
8101416,N
1801043,N
3637804,N
6124825,N
2577201,N
3149516,F
4804418,N
2914853,F
7878735,M
429933,N
6358026,N
4072131,N
6080165,N
5348398,N
2367680,F
5279265,N
7510388,M
3625308,N
6022618,F
8616184,N
8461903,N
8099434,M
5440855,M
338374,N
5338221,N
4264931,F
1381208,M
4920881,N
8818845,F
102611,N
2233417,M
2027193,F
8519949,N
7827901,N
2233419,M
6844931,N
2120873,N
3835975,M
7995274,N
3553696,M
7774176,N
1083482,N
2309368,N
3683171,M
3539469,N
5324140,N
787834,N
6105163,M
2233420,M
1083475,N
8261969,F
1095558,F
1331396,N
4773259,M
7786699,M
4640166,M
2032838,N
3338034,N
7384002,F
6299561,N
5130919,N
7418451,M
6873895,M
2119358,M
6310248,N
2161092,N
682652,N
7935155,M
3134736,N
2914858,M
7935159,N
7997372,N
3002152,F
13119,N
3402846,N
8090761,N
338376,N
4476991,N
3137898,N
3134740,N
5347517,N
7289915,M
7372615,N
7450782,M
375890,N
4008424,N
5027284,N
462495,N
7317596,N
5257228,N
1580420,N
8796834,N
4878145,N
6491155,N
7099946,N
3056823,N
8010792,N
5691676,M
7968855,N
200791,N
3861593,N
658760,N
684274,N
7830285,M
1230320,N
5306583,M
5534364,M
749031,N
7407047,N
7660728,N
4505591,M
4622954,N
7978729,N
7978827,N
6748991,N
4113999,N
7794501,N
2290139,N
927405,M
2290135,M
7903178,M
4332134,F
8671366,N
2731617,N
6108325,M
4408886,N
7664023,N
8671364,N
4600187,N
15547,N
205034,N
7692669,N
2576374,N
5829921,N
6189781,N
6909962,N
7450781,N
984701,N
7446686,N
6183579,N
574786,N
6933571,N
8828330,N
4878144,N
6183582,N
6183344,N
3748660,N
5697946,N
4354753,M
5755150,N
7152433,N
7782122,N
4696559,N
7372619,F
3638844,N
7298285,N
276206,N
6757474,N
4872619,N
3748656,N
6472354,N
6073240,N
4211663,N
6183585,N
4483290,M
901831,N
1935305,N
762140,N
5030235,F
8505284,N
304400,N
4876463,N
7807003,N
2840155,N
7807007,N
7692667,N
1644719,N
1377656,M
7174934,N
7894090,N
4580496,N
1460170,M
8194911,N
7560468,M
5992013,N
6073239,N
7174937,N
7112273,N
2299058,N
749027,N
829778,N
527260,N
2991347,M
4872613,N
4075979,N
3008215,N
8507501,N
22204,N
187569,F
1715032,N
1447987,N
4413365,N
312952,N
2132749,N
7112274,N
4600189,N
725251,N
6440346,N
7316245,M
7590994,N
8240939,N
6093695,N
1447988,N
7894087,N
1414817,N
181288,N
2029107,N
2877752,N
4747160,N
2267107,N
5027281,N
4696558,N
4984345,N
5905396,N
4133866,N
3023471,N
3638840,N
2616686,M
7757096,N
5156282,M
205875,N
6757475,M
1316558,N
414148,N
6183341,N
8324023,N
7517285,N
5337234,N
3271087,N
5177462,N
1574075,M
1460165,N
7692671,N
3246730,N
1222512,N
7625319,F
26070,N
7071719,N
271506,M
4727993,N
4984346,N
5697952,F
8576424,N
6472356,N
4790452,N
7349294,N
749036,N
7692668,F
7290417,N
8671361,N
2595898,N
4361729,N
5348543,N
5534363,M
1332117,N
7692673,N
5651946,N
2936846,N
8690861,N
7527825,N
502078,M
378261,N
6878098,N
1131407,N
6183578,N
5697954,N
2262663,N
6426067,N
4622961,N
7830292,N
7401004,N
722563,N
205029,N
3486251,F
1649478,N
1530268,N
6613642,N
346048,N
2104831,N
8001111,N
2320767,N
4516419,N
6183342,N
1105036,N
6129638,N
5558768,N
8718985,N
4283566,N
4140699,N
8034898,N
4133868,N
7560470,M
5905399,N
7930292,N
7830286,M
4270474,N
2655450,M
7692670,N
5116612,N
4878143,N
1238914,M
4878137,N
7699519,N
5691673,M
2262656,M
4080494,N
6184147,N
1055535,N
4332137,F
5680666,N
7174936,N
1961285,F
4759754,N
5021216,N
6306351,N
2338323,N
3598161,N
235503,N
5021214,N
515894,N
7860025,N
2039954,F
7697724,M
6169124,N
4902381,N
472002,N
702604,N
7947285,N
715246,N
6058332,N
7807008,N
4975601,N
2401407,N
8113059,N
7640223,N
3401338,N
249708,N
3748657,N
8268289,N
4497805,N
205030,M
48548,N
1659885,N
6641639,N
5558888,N
858766,N
2528999,F
7313247,N
1377652,N
153914,F
4213643,N
6676253,N
5186107,N
1055118,N
5409751,N
8528776,N
5587297,N
7560466,F
5737752,N
1818835,N
3463375,N
256953,N
5759594,N
7366819,N
273216,N
8484373,M
1399171,N
1332718,N
6512134,N
451355,N
7316252,N
4545995,N
4650841,N
8699402,N
632914,N
8111571,N
3483772,M
722562,N
7450780,F
202876,N
8641345,N
8473197,F
3012021,M
205035,F
4041631,N
630620,N
8666570,N
2615732,N
7692672,F
3437532,N
1457463,F
6745489,F
8320349,N
6916390,N
8136434,N
5058922,N
1133084,N
7560467,N
3290125,N
8704578,M
1377650,N
6683069,N
7038098,N
3719383,M
3806199,N
3058085,N
6773249,N
7303070,N
5917822,N
2843953,N
5116615,N
2083143,N
8068185,N
5729084,N
91443,N
5946002,N
4786626,N
1377653,F
3613426,N
7387013,N
6060100,N
749029,N
6073238,N
726263,N
4133867,N
5736491,N
7452434,N
2422198,M
3460865,N
4580500,N
271499,N
6464307,N
723529,N
5115421,N
7599652,N
6338284,N
1782607,M
3477206,M
3690003,N
312955,N
6890241,N
3265410,N
5806053,N
8136433,N
4696560,N
1355586,N
7653388,N
6369707,N
5151262,N
7349293,N
8096386,N
3380246,N
8236532,N
7229401,N
5326884,N
2998688,N
5305841,N
6936948,N
1332716,N
7133562,N
1377651,N
7753710,N
1585289,N
4148218,N
1316318,N
2737045,M
4237307,N
127734,N
5368359,N
1460164,N
1485010,M
4843165,N
4874050,M
7807006,F
1743263,N
4696554,N
5054503,N
7195351,N
5505560,N
3477204,M
7527824,M
6189780,M
271502,M
2758880,M
4252581,M
4838221,N
6183584,N
7692666,N
6461933,M
3347484,N
6809641,N
3283226,N
6248518,N
3977016,N
480575,N
1796746,N
7856316,N
6264626,N
5595497,N
2506830,N
7668641,M
5093213,N
7372623,N
6183340,N
6409168,N
5300901,N
2389738,N
5021119,N
2036650,N
6221742,M
1436926,M
6288363,N
5792176,N
8765900,M
7753713,N
5280685,N
2438515,N
205036,N
4696556,N
